insert into COMMONS_CODE 
(COMMON_CODE_ID,NAME,ORDER_NUMBER,ATTRIBUTION_1,ATTRIBUTION_2,DESCRIPTION,SYSTEM_CODE_YN,USE_YN,PARENT_COMMON_CODE_ID,REGISTER_SEQ,REGISTRY_DATE,MODIFIER_SEQ,MODIFY_DATE) 
select 'CarInforSearch','CarInfor Search',1,NULL,NULL,'CarInfor Search','System_Code_Yes','Yes',NULL,'UUID-1111-1111111',now(),'UUID-1111-1111111',now() from dual union all 
select 'Car-01','YEAR',1,NULL,NULL,'Using Yes','System_Code_Yes','Yes','CarInforSearch','UUID-1111-1111111',now(),'UUID-1111-1111111',now() from dual union all 
select 'Car-02','CAR_NAME',2,NULL,NULL,'Using No','System_Code_Yes','Yes','CarInforSearch','UUID-1111-1111111',now(),'UUID-1111-1111111',now() from dual union all 
select 'Use_YN','Yes or No',1,NULL,NULL,'Using Yes or No','System_Code_Yes','Yes',NULL,'UUID-1111-1111111',now(),'UUID-1111-1111111',now() from dual union all 
select 'Yes','Yes',1,NULL,NULL,'Using Yes','System_Code_Yes','Yes','Use_YN','UUID-1111-1111111',now(),'UUID-1111-1111111',now() from dual union all 
select 'No','No',2,NULL,NULL,'Using No','System_Code_Yes','Yes','Use_YN','UUID-1111-1111111',now(),'UUID-1111-1111111',now() from dual union all 
select 'System_Code_YN','Sytem Yes or No',1,NULL,NULL,'Sytem Using Yes or No','System_Code_Yes','Yes',NULL,'UUID-1111-1111111',now(),'UUID-1111-1111111',now() from dual union all 
select 'System_Code_Yes','Yes',1,NULL,NULL,'Sytem Using Yes','System_Code_Yes','Yes','System_Code_YN','UUID-1111-1111111',now(),'UUID-1111-1111111',now() from dual union all 
select 'System_Code_No','No',2,NULL,NULL,'Sytem Using No','System_Code_Yes','Yes','System_Code_YN','UUID-1111-1111111',now(),'UUID-1111-1111111',now() from dual 
;

INSERT INTO history (DISEASE, HISTORY_ID)
VALUES
('고혈압', 'history_01'),
('심장병', 'history_02'),
('당뇨', 'history_03'),
('계란알레르기', 'history_04'),
('해산물알레르기', 'history_05'),
('갑각류알레르기', 'history_06'),
('견과류알레르기', 'history_07'),
('천식', 'history_08'),
('신장질환', 'history_09'),
('간질환', 'history_10'),
('혈관질환', 'history_11'),
('비염', 'history_12'),
('꽃가루알레르기', 'history_13'),
('등푸른생선알레르기', 'history_14'),
('과일알레르기', 'history_15')
;

INSERT INTO membersandadmin (UNIQUE_ID, NAME, ID, PASSWORD, BIRTHDATE, AGE, SEX, ADDRESS, PHONE, REGISTRATIONDATE, EMAIL, ADMINE_ID, HISTORY_ID)
VALUES
('MEMB_01', '김영수', 'kimys', '123456', '1990-01-15', 32, '남성', '서울시 강남구', '010-1234-5678', '2022-01-01', 'kimys@example.com', 'admine', 'history_01'),
('MEMB_02', '이지현', 'eejh', 'abcdef', '1985-02-28', 37, '여성', '서울시 서대문구', '010-2345-6789', '2020-03-15', 'eejh@example.com', 'admine', 'history_02'),
('MEMB_03', '박준호', 'parkjh', 'qazwsx', '1978-10-05', 43, '남성', '부산시 해운대구', '010-3456-7890', '2015-11-20', 'parkjh@example.com', 'admine', 'history_03'),
('MEMB_04', '송지은', 'songje', '987654', '1993-06-20', 28, '여성', '대구시 동구', '010-4567-8901', '2019-02-28', 'songje@example.com', 'admine', 'history_04'),
('MEMB_05', '최민준', 'choimj', 'qwerty', '2001-08-07', 21, '남성', '인천시 중구', '010-5678-9012', '2021-12-10', 'choimj@example.com', 'admine', 'history_05'),
('MEMB_06', '정지현', 'jeongjh', '13579a', '1999-09-03', 24, '여성', '경기도 성남시', '010-6789-0123', '2020-10-05', 'jeongjh@example.com', 'admine', 'history_06'),
('MEMB_07', '박성민', 'parksm', 'asdfgh', '1982-12-18', 39, '남성', '서울시 송파구', '010-7890-1234', '2017-06-20', 'parksm@example.com', 'admine', 'history_07'),
('MEMB_08', '윤지수', 'yunjis', 'zxcvbn', '1997-12-30', 26, '여성', '대전시 서구', '010-8901-2345', '2023-02-15', 'yunjis@example.com', 'admine', 'history_08'),
('MEMB_09', '김민준', 'kimmj', '123123', '1990-08-02', 33, '남성', '인천시 남동구', '010-9012-3456', '2018-04-05', 'kimmj@example.com', 'admine', 'history_09'),
('MEMB_10', '이예진', 'eeyj', 'abcd1234', '1994-02-13', 29, '여성', '경기도 고양시', '010-0123-4567', '2014-01-28', 'eeyj@example.com', 'admine', 'history_10'),
('MEMB_11', '박준서', 'parkjs', 'qwer1234', '1986-01-05', 37, '남성', '서울시 강서구', '010-3456-7890', '2011-05-20', 'parkjs@example.com', 'admine', 'history_11'),
('MEMB_12', '김서연', 'kimsy', '98765432', '1995-12-10', 28, '여성', '부산시 사하구', '010-5678-9012', '2022-07-18', 'kimsy@example.com', 'admine', 'history_12'),
('MEMB_13', '정예준', 'jeongyj', 'qwertyuiop', '1998-09-24', 24, '남성', '대구시 수성구', '010-6789-0123', '2021-09-10', 'jeongyj@example.com', 'admine', 'history_13'),
('MEMB_14', '송지현', 'songjh', '12345678', '1982-08-07', 41, '여성', '인천시 남구', '010-7890-1234', '2018-02-14', 'songjh@example.com', 'admine', 'history_14'),
('MEMB_15', '최서윤', 'choisy', 'asdfghjkl', '1993-03-30', 29, '여성', '경기도 성남시', '010-8901-2345', '2013-12-30', 'choisy@example.com', 'admine', 'history_15'),
('MEMB_16', '윤준우', 'yunjw', 'zxcvbnm', '1989-10-17', 32, '남성', '서울시 송파구', '010-9012-3456', '2020-06-05', 'yunjw@example.com', 'admine', 'history_01'),
('MEMB_17', '김민서', 'kimms', '12345678', '1992-10-25', 31, '여성', '대전시 중구', '010-0123-4567', '2018-07-10', 'kimms@example.com', 'admine', 'history_02'),
('MEMB_18', '이영진', 'eeyj', 'abcd1234', '2001-03-14', 22, '남성', '인천시 서구', '010-3456-7890', '2019-04-18', 'eeyj@example.com', 'admine', 'history_03'),
('MEMB_19', '박서준', 'parksj', 'qwer1234', '1990-01-10', 32, '남성', '경기도 부천시', '010-5678-9012', '2020-04-02', 'parksj@example.com', 'admine', 'history_04'),
('MEMB_20', '김지윤', 'kimjy', '98765432', '1994-02-26', 29, '여성', '대구시 동구', '010-7890-1234', '2016-01-15', 'kimjy@example.com', 'admine', 'history_05');

INSERT INTO SUPP_SPEC (SUPP_ID, PRODUCT, MANUFACTURE, DOSAGE, FREQUENCY, LOCATION, LINK)
VALUES
('SUPP_01', '간 건강엔 밀크씨슬', '(주)비오팜', '1회 1정', '1일 1회', '/images/omega3.png', 'https://brand.naver.com/nutricore/products/2019954468?n_media=27758&n_query=%EA%B0%84%EC%98%81%EC%96%91%EC%A0%9C&n_rank=1&n_ad_group=grp-a001-02-000000030439889&n_ad=nad-a001-02-000000249119831&n_campaign_type=2&n_mall_id=nutricore&n_mall_pid=2019954468&n_ad_group_type=2&NaPm=ct%3Dlk94brs0%7Cci%3D0ye0002qhpryLs22Jfj%5F%7Ctr%3Dpla%7Chk%3D058cacd6e490013a6e0b1719716d1075788f2839'),
('SUPP_02', '더 스포츠 에센셜 비타민 B Complex', '주식회사 상상바이오', '1회 1정', '1일 1회', '/images/vegetable.png', 'https://brand.naver.com/nutricore/products/2019954468?n_media=27758&n_query=%EA%B0%84%EC%98%81%EC%96%91%EC%A0%9C&n_rank=1&n_ad_group=grp-a001-02-000000030439889&n_ad=nad-a001-02-000000249119831&n_campaign_type=2&n_mall_id=nutricore&n_mall_pid=2019954468&n_ad_group_type=2&NaPm=ct%3Dlk94brs0%7Cci%3D0ye0002qhpryLs22Jfj%5F%7Ctr%3Dpla%7Chk%3D058cacd6e490013a6e0b1719716d1075788f2839'),
('SUPP_03', '간기보', '(주)서흥', '1회 2정', '1일 1회', '/images/redyeastrice.png', 'https://brand.naver.com/nutricore/products/2019954468?n_media=27758&n_query=%EA%B0%84%EC%98%81%EC%96%91%EC%A0%9C&n_rank=1&n_ad_group=grp-a001-02-000000030439889&n_ad=nad-a001-02-000000249119831&n_campaign_type=2&n_mall_id=nutricore&n_mall_pid=2019954468&n_ad_group_type=2&NaPm=ct%3Dlk94brs0%7Cci%3D0ye0002qhpryLs22Jfj%5F%7Ctr%3Dpla%7Chk%3D058cacd6e490013a6e0b1719716d1075788f2839'),
('SUPP_04', '동국 간에다 활력 밀크씨슬', '(주)화인내츄럴', '1회 1정', '1일 1회', '/images/vitaminB3.png', 'https://brand.naver.com/nutricore/products/2019954468?n_media=27758&n_query=%EA%B0%84%EC%98%81%EC%96%91%EC%A0%9C&n_rank=1&n_ad_group=grp-a001-02-000000030439889&n_ad=nad-a001-02-000000249119831&n_campaign_type=2&n_mall_id=nutricore&n_mall_pid=2019954468&n_ad_group_type=2&NaPm=ct%3Dlk94brs0%7Cci%3D0ye0002qhpryLs22Jfj%5F%7Ctr%3Dpla%7Chk%3D058cacd6e490013a6e0b1719716d1075788f2839'),
('SUPP_05', '닥터 쎈 실리마린 간건강 골드', '(주)세종바이오팜', '1회 1정', '1일 1회', '/images/greenteaextract.png', 'https://brand.naver.com/nutricore/products/2019954468?n_media=27758&n_query=%EA%B0%84%EC%98%81%EC%96%91%EC%A0%9C&n_rank=1&n_ad_group=grp-a001-02-000000030439889&n_ad=nad-a001-02-000000249119831&n_campaign_type=2&n_mall_id=nutricore&n_mall_pid=2019954468&n_ad_group_type=2&NaPm=ct%3Dlk94brs0%7Cci%3D0ye0002qhpryLs22Jfj%5F%7Ctr%3Dpla%7Chk%3D058cacd6e490013a6e0b1719716d1075788f2839'),
('SUPP_06', '간에 좋은 실리마린 밀크씨슬', '엠에스바이오텍(주)', '1회 1정', '1일 1회', '/images/omega3.png', 'https://brand.naver.com/nutricore/products/2019954468?n_media=27758&n_query=%EA%B0%84%EC%98%81%EC%96%91%EC%A0%9C&n_rank=1&n_ad_group=grp-a001-02-000000030439889&n_ad=nad-a001-02-000000249119831&n_campaign_type=2&n_mall_id=nutricore&n_mall_pid=2019954468&n_ad_group_type=2&NaPm=ct%3Dlk94brs0%7Cci%3D0ye0002qhpryLs22Jfj%5F%7Ctr%3Dpla%7Chk%3D058cacd6e490013a6e0b1719716d1075788f2840'),
('SUPP_07', '간과 피로에 좋은 밀크씨슬, 홍경천', '(주)허브큐어', '1회 1정', '1일 1회', '/images/vegetable.png', 'https://brand.naver.com/nutricore/products/2019954468?n_media=27758&n_query=%EA%B0%84%EC%98%81%EC%96%91%EC%A0%9C&n_rank=1&n_ad_group=grp-a001-02-000000030439889&n_ad=nad-a001-02-000000249119831&n_campaign_type=2&n_mall_id=nutricore&n_mall_pid=2019954468&n_ad_group_type=2&NaPm=ct%3Dlk94brs0%7Cci%3D0ye0002qhpryLs22Jfj%5F%7Ctr%3Dpla%7Chk%3D058cacd6e490013a6e0b1719716d1075788f2841'),
('SUPP_08', '드리내 간건강 실리마린 밀크씨슬 아연', '주식회사 네추럴웨이', '1회 1정', '1일 1회', '/images/redyeastrice.png', 'https://brand.naver.com/nutricore/products/2019954468?n_media=27758&n_query=%EA%B0%84%EC%98%81%EC%96%91%EC%A0%9C&n_rank=1&n_ad_group=grp-a001-02-000000030439889&n_ad=nad-a001-02-000000249119831&n_campaign_type=2&n_mall_id=nutricore&n_mall_pid=2019954468&n_ad_group_type=2&NaPm=ct%3Dlk94brs0%7Cci%3D0ye0002qhpryLs22Jfj%5F%7Ctr%3Dpla%7Chk%3D058cacd6e490013a6e0b1719716d1075788f2842'),
('SUPP_09', '밸런스:간건강', '코스맥스바이오(주)', '2회 1정/1회 1정', '1일 1회/1일 2회', '/images/vitaminB3.png', 'https://brand.naver.com/nutricore/products/2019954468?n_media=27758&n_query=%EA%B0%84%EC%98%81%EC%96%91%EC%A0%9C&n_rank=1&n_ad_group=grp-a001-02-000000030439889&n_ad=nad-a001-02-000000249119831&n_campaign_type=2&n_mall_id=nutricore&n_mall_pid=2019954468&n_ad_group_type=2&NaPm=ct%3Dlk94brs0%7Cci%3D0ye0002qhpryLs22Jfj%5F%7Ctr%3Dpla%7Chk%3D058cacd6e490013a6e0b1719716d1075788f2843'),
('SUPP_10', '듀오락 간케어', '(주)쎌바이오텍', '1회 1캡슐', '1일 1회', '/images/greenteaextract.png', 'https://brand.naver.com/nutricore/products/2019954468?n_media=27758&n_query=%EA%B0%84%EC%98%81%EC%96%91%EC%A0%9C&n_rank=1&n_ad_group=grp-a001-02-000000030439889&n_ad=nad-a001-02-000000249119831&n_campaign_type=2&n_mall_id=nutricore&n_mall_pid=2019954468&n_ad_group_type=2&NaPm=ct%3Dlk94brs0%7Cci%3D0ye0002qhpryLs22Jfj%5F%7Ctr%3Dpla%7Chk%3D058cacd6e490013a6e0b1719716d1075788f2844'),
('SUPP_11', '솔브앤고 피로&스트레스 케어', '(주)서울에프엔비 기업도시점', '1회 1포', '1일 1회', '/images/omega3.png', 'https://brand.naver.com/nutricore/products/2019954468?n_media=27758&n_query=%EA%B0%84%EC%98%81%EC%96%91%EC%A0%9C&n_rank=1&n_ad_group=grp-a001-02-000000030439889&n_ad=nad-a001-02-000000249119831&n_campaign_type=2&n_mall_id=nutricore&n_mall_pid=2019954468&n_ad_group_type=2&NaPm=ct%3Dlk94brs0%7Cci%3D0ye0002qhpryLs22Jfj%5F%7Ctr%3Dpla%7Chk%3D058cacd6e490013a6e0b1719716d1075788f2845'),
('SUPP_12', '곰피로간건강+', '주식회사 네추럴웨이', '1회 1정', '1일 1회', '/images/vegetable.png', 'https://brand.naver.com/nutricore/products/2019954468?n_media=27758&n_query=%EA%B0%84%EC%98%81%EC%96%91%EC%A0%9C&n_rank=1&n_ad_group=grp-a001-02-000000030439889&n_ad=nad-a001-02-000000249119831&n_campaign_type=2&n_mall_id=nutricore&n_mall_pid=2019954468&n_ad_group_type=2&NaPm=ct%3Dlk94brs0%7Cci%3D0ye0002qhpryLs22Jfj%5F%7Ctr%3Dpla%7Chk%3D058cacd6e490013a6e0b1719716d1075788f2846'),
('SUPP_13', '마이니 슈퍼비 스트레스 피로케어', '(주)알피바이오', '1회 2정', '1일 1회', '/images/redyeastrice.png', 'https://brand.naver.com/nutricore/products/2019954468?n_media=27758&n_query=%EA%B0%84%EC%98%81%EC%96%91%EC%A0%9C&n_rank=1&n_ad_group=grp-a001-02-000000030439889&n_ad=nad-a001-02-000000249119831&n_campaign_type=2&n_mall_id=nutricore&n_mall_pid=2019954468&n_ad_group_type=2&NaPm=ct%3Dlk94brs0%7Cci%3D0ye0002qhpryLs22Jfj%5F%7Ctr%3Dpla%7Chk%3D058cacd6e490013a6e0b1719716d1075788f2847'),
('SUPP_14', '피로날린', '큐어라벨(주)', '1회 1정', '1일 1회', '/images/vitaminB3.png', 'https://brand.naver.com/nutricore/products/2019954468?n_media=27758&n_query=%EA%B0%84%EC%98%81%EC%96%91%EC%A0%9C&n_rank=1&n_ad_group=grp-a001-02-000000030439889&n_ad=nad-a001-02-000000249119831&n_campaign_type=2&n_mall_id=nutricore&n_mall_pid=2019954468&n_ad_group_type=2&NaPm=ct%3Dlk94brs0%7Cci%3D0ye0002qhpryLs22Jfj%5F%7Ctr%3Dpla%7Chk%3D058cacd6e490013a6e0b1719716d1075788f2848'),
('SUPP_15', '피로개선 활력비타민', '(주)알피바이오', '1회 1정', '1일 1회', '/images/greenteaextract.png', 'https://brand.naver.com/nutricore/products/2019954468?n_media=27758&n_query=%EA%B0%84%EC%98%81%EC%96%91%EC%A0%9C&n_rank=1&n_ad_group=grp-a001-02-000000030439889&n_ad=nad-a001-02-000000249119831&n_campaign_type=2&n_mall_id=nutricore&n_mall_pid=2019954468&n_ad_group_type=2&NaPm=ct%3Dlk94brs0%7Cci%3D0ye0002qhpryLs22Jfj%5F%7Ctr%3Dpla%7Chk%3D058cacd6e490013a6e0b1719716d1075788f2849'),
('SUPP_16', '바이탈헬스 피로개선 올인원', '(주)알피바이오', '1회 1정', '1일 1회', '/images/omega3.png', 'https://brand.naver.com/nutricore/products/2019954468?n_media=27758&n_query=%EA%B0%84%EC%98%81%EC%96%91%EC%A0%9C&n_rank=1&n_ad_group=grp-a001-02-000000030439889&n_ad=nad-a001-02-000000249119831&n_campaign_type=2&n_mall_id=nutricore&n_mall_pid=2019954468&n_ad_group_type=2&NaPm=ct%3Dlk94brs0%7Cci%3D0ye0002qhpryLs22Jfj%5F%7Ctr%3Dpla%7Chk%3D058cacd6e490013a6e0b1719716d1075788f2850'),
('SUPP_17', '피로 바이타민 B-컴플렉스', '콜마비앤에이치(주)음성공장', '1회 1정', '1일 1회', '/images/vegetable.png', 'https://brand.naver.com/nutricore/products/2019954468?n_media=27758&n_query=%EA%B0%84%EC%98%81%EC%96%91%EC%A0%9C&n_rank=1&n_ad_group=grp-a001-02-000000030439889&n_ad=nad-a001-02-000000249119831&n_campaign_type=2&n_mall_id=nutricore&n_mall_pid=2019954468&n_ad_group_type=2&NaPm=ct%3Dlk94brs0%7Cci%3D0ye0002qhpryLs22Jfj%5F%7Ctr%3Dpla%7Chk%3D058cacd6e490013a6e0b1719716d1075788f2851'),
('SUPP_18', '피로아웃티', '대원헬스케어 주식회사 2공장', '1회 1포(6g)', '1일 1회', '/images/redyeastrice.png', 'https://brand.naver.com/nutricore/products/2019954468?n_media=27758&n_query=%EA%B0%84%EC%98%81%EC%96%91%EC%A0%9C&n_rank=1&n_ad_group=grp-a001-02-000000030439889&n_ad=nad-a001-02-000000249119831&n_campaign_type=2&n_mall_id=nutricore&n_mall_pid=2019954468&n_ad_group_type=2&NaPm=ct%3Dlk94brs0%7Cci%3D0ye0002qhpryLs22Jfj%5F%7Ctr%3Dpla%7Chk%3D058cacd6e490013a6e0b1719716d1075788f2852'),
('SUPP_19', '노즈엔돌 징코 뷰티 리퀴드', '(주)허브큐어', '1회 1봉', '1일 1회', '/images/vitaminB3.png', 'https://brand.naver.com/nutricore/products/2019954468?n_media=27758&n_query=%EA%B0%84%EC%98%81%EC%96%91%EC%A0%9C&n_rank=1&n_ad_group=grp-a001-02-000000030439889&n_ad=nad-a001-02-000000249119831&n_campaign_type=2&n_mall_id=nutricore&n_mall_pid=2019954468&n_ad_group_type=2&NaPm=ct%3Dlk94brs0%7Cci%3D0ye0002qhpryLs22Jfj%5F%7Ctr%3Dpla%7Chk%3D058cacd6e490013a6e0b1719716d1075788f2853'),
('SUPP_20', '데일리플러스 스트레스 피로 케어', '동국제약(주)', '1회 1포', '1일 1회', '/images/greenteaextract.png', 'https://brand.naver.com/nutricore/products/2019954468?n_media=27758&n_query=%EA%B0%84%EC%98%81%EC%96%91%EC%A0%9C&n_rank=1&n_ad_group=grp-a001-02-000000030439889&n_ad=nad-a001-02-000000249119831&n_campaign_type=2&n_mall_id=nutricore&n_mall_pid=2019954468&n_ad_group_type=2&NaPm=ct%3Dlk94brs0%7Cci%3D0ye0002qhpryLs22Jfj%5F%7Ctr%3Dpla%7Chk%3D058cacd6e490013a6e0b1719716d1075788f2854'),
('SUPP_21', '지큐랩 콜레스테롤 솔루션 300억', '노바렉스', '1회 1캡슐', '1일 1회', '/images/omega3.png', 'https://brand.naver.com/nutricore/products/2019954468?n_media=27758&n_query=%EA%B0%84%EC%98%81%EC%96%91%EC%A0%9C&n_rank=1&n_ad_group=grp-a001-02-000000030439889&n_ad=nad-a001-02-000000249119831&n_campaign_type=2&n_mall_id=nutricore&n_mall_pid=2019954468&n_ad_group_type=2&NaPm=ct%3Dlk94brs0%7Cci%3D0ye0002qhpryLs22Jfj%5F%7Ctr%3Dpla%7Chk%3D058cacd6e490013a6e0b1719716d1075788f2855'),
('SUPP_22', '세라엑스 혈당콜레스테롤 프로케어', '한미양행', '1회 1정', '1일 2회', '/images/vegetable.png', 'https://brand.naver.com/nutricore/products/2019954468?n_media=27758&n_query=%EA%B0%84%EC%98%81%EC%96%91%EC%A0%9C&n_rank=1&n_ad_group=grp-a001-02-000000030439889&n_ad=nad-a001-02-000000249119831&n_campaign_type=2&n_mall_id=nutricore&n_mall_pid=2019954468&n_ad_group_type=2&NaPm=ct%3Dlk94brs0%7Cci%3D0ye0002qhpryLs22Jfj%5F%7Ctr%3Dpla%7Chk%3D058cacd6e490013a6e0b1719716d1075788f2856'),
('SUPP_23', '콜레스테롤·혈압 코엔자임Q10/홍국', '(주)한풍네이처팜', '1회 2 캡슐', '1일 1회', '/images/redyeastrice.png', 'https://brand.naver.com/nutricore/products/2019954468?n_media=27758&n_query=%EA%B0%84%EC%98%81%EC%96%91%EC%A0%9C&n_rank=1&n_ad_group=grp-a001-02-000000030439889&n_ad=nad-a001-02-000000249119831&n_campaign_type=2&n_mall_id=nutricore&n_mall_pid=2019954468&n_ad_group_type=2&NaPm=ct%3Dlk94brs0%7Cci%3D0ye0002qhpryLs22Jfj%5F%7Ctr%3Dpla%7Chk%3D058cacd6e490013a6e0b1719716d1075788f2857'),
('SUPP_24', '콜레스테롤엔 MKA 모나콜린케이', '엠에스바이오텍(주)', '1회 1정', '1일 1회', '/images/vitaminB3.png', 'https://brand.naver.com/nutricore/products/2019954468?n_media=27758&n_query=%EA%B0%84%EC%98%81%EC%96%91%EC%A0%9C&n_rank=1&n_ad_group=grp-a001-02-000000030439889&n_ad=nad-a001-02-000000249119831&n_campaign_type=2&n_mall_id=nutricore&n_mall_pid=2019954468&n_ad_group_type=2&NaPm=ct%3Dlk94brs0%7Cci%3D0ye0002qhpryLs22Jfj%5F%7Ctr%3Dpla%7Chk%3D058cacd6e490013a6e0b1719716d1075788f2858'),
('SUPP_25', '콜레스테롤엔 콜레스타', '우리바이오(주)', '1회 2정', '1일 1회', '/images/greenteaextract.png', 'https://brand.naver.com/nutricore/products/2019954468?n_media=27758&n_query=%EA%B0%84%EC%98%81%EC%96%91%EC%A0%9C&n_rank=1&n_ad_group=grp-a001-02-000000030439889&n_ad=nad-a001-02-000000249119831&n_campaign_type=2&n_mall_id=nutricore&n_mall_pid=2019954468&n_ad_group_type=2&NaPm=ct%3Dlk94brs0%7Cci%3D0ye0002qhpryLs22Jfj%5F%7Ctr%3Dpla%7Chk%3D058cacd6e490013a6e0b1719716d1075788f2859'),
('SUPP_26', '콜레스테롤 개선 마늘', '농업회사법인 주식회사 내츄럴엔', '1회 3정', '1일 1회', '/images/omega3.png', 'https://brand.naver.com/nutricore/products/2019954468?n_media=27758&n_query=%EA%B0%84%EC%98%81%EC%96%91%EC%A0%9C&n_rank=1&n_ad_group=grp-a001-02-000000030439889&n_ad=nad-a001-02-000000249119831&n_campaign_type=2&n_mall_id=nutricore&n_mall_pid=2019954468&n_ad_group_type=2&NaPm=ct%3Dlk94brs0%7Cci%3D0ye0002qhpryLs22Jfj%5F%7Ctr%3Dpla%7Chk%3D058cacd6e490013a6e0b1719716d1075788f2860'),
('SUPP_27', '콜레스테롤 케어솔루션 골드라벨', '(주)세종바이오팜', '1회 1정', '1일 2회', '/images/vegetable.png', 'https://brand.naver.com/nutricore/products/2019954468?n_media=27758&n_query=%EA%B0%84%EC%98%81%EC%96%91%EC%A0%9C&n_rank=1&n_ad_group=grp-a001-02-000000030439889&n_ad=nad-a001-02-000000249119831&n_campaign_type=2&n_mall_id=nutricore&n_mall_pid=2019954468&n_ad_group_type=2&NaPm=ct%3Dlk94brs0%7Cci%3D0ye0002qhpryLs22Jfj%5F%7Ctr%3Dpla%7Chk%3D058cacd6e490013a6e0b1719716d1075788f2861'),
('SUPP_28', '그린픽 콜레스테롤건강', '콜마비앤에이치(주)음성공장', '1회 1정', '1일 1회', '/images/redyeastrice.png', 'https://brand.naver.com/nutricore/products/2019954468?n_media=27758&n_query=%EA%B0%84%EC%98%81%EC%96%91%EC%A0%9C&n_rank=1&n_ad_group=grp-a001-02-000000030439889&n_ad=nad-a001-02-000000249119831&n_campaign_type=2&n_mall_id=nutricore&n_mall_pid=2019954468&n_ad_group_type=2&NaPm=ct%3Dlk94brs0%7Cci%3D0ye0002qhpryLs22Jfj%5F%7Ctr%3Dpla%7Chk%3D058cacd6e490013a6e0b1719716d1075788f2862'),
('SUPP_29', '콜레스테롤체크', '건강라이프', '1000mg', '1회', '/images/vitaminB3.png', 'https://brand.naver.com/nutricore/products/2019954468?n_media=27758&n_query=%EA%B0%84%EC%98%81%EC%96%91%EC%A0%9C&n_rank=1&n_ad_group=grp-a001-02-000000030439889&n_ad=nad-a001-02-000000249119831&n_campaign_type=2&n_mall_id=nutricore&n_mall_pid=2019954468&n_ad_group_type=2&NaPm=ct%3Dlk94brs0%7Cci%3D0ye0002qhpryLs22Jfj%5F%7Ctr%3Dpla%7Chk%3D058cacd6e490013a6e0b1719716d1075788f2863'),
('SUPP_30', '콜레스테롤리듀스', '건강웰네스', '500mg', '2회', '/images/greenteaextract.png', 'https://brand.naver.com/nutricore/products/2019954468?n_media=27758&n_query=%EA%B0%84%EC%98%81%EC%96%91%EC%A0%9C&n_rank=1&n_ad_group=grp-a001-02-000000030439889&n_ad=nad-a001-02-000000249119831&n_campaign_type=2&n_mall_id=nutricore&n_mall_pid=2019954468&n_ad_group_type=2&NaPm=ct%3Dlk94brs0%7Cci%3D0ye0002qhpryLs22Jfj%5F%7Ctr%3Dpla%7Chk%3D058cacd6e490013a6e0b1719716d1075788f2864'),
('SUPP_31', '눈 건강엔 포커스 루테인', '(주)한풍네이처팜', '500mg', '1회', '/images/omega3.png', 'https://brand.naver.com/nutricore/products/2019954468?n_media=27758&n_query=%EA%B0%84%EC%98%81%EC%96%91%EC%A0%9C&n_rank=1&n_ad_group=grp-a001-02-000000030439889&n_ad=nad-a001-02-000000249119831&n_campaign_type=2&n_mall_id=nutricore&n_mall_pid=2019954468&n_ad_group_type=2&NaPm=ct%3Dlk94brs0%7Cci%3D0ye0002qhpryLs22Jfj%5F%7Ctr%3Dpla%7Chk%3D058cacd6e490013a6e0b1719716d1075788f2865'),
('SUPP_32', '미니막스 랩 눈 차즈기 스틱젤리', '코스맥스바이오(주)', '1000mg', '2회', '/images/vegetable.png', 'https://brand.naver.com/nutricore/products/2019954468?n_media=27758&n_query=%EA%B0%84%EC%98%81%EC%96%91%EC%A0%9C&n_rank=1&n_ad_group=grp-a001-02-000000030439889&n_ad=nad-a001-02-000000249119831&n_campaign_type=2&n_mall_id=nutricore&n_mall_pid=2019954468&n_ad_group_type=2&NaPm=ct%3Dlk94brs0%7Cci%3D0ye0002qhpryLs22Jfj%5F%7Ctr%3Dpla%7Chk%3D058cacd6e490013a6e0b1719716d1075788f2866'),
('SUPP_33', '간사랑 눈사랑 토탈 솔루션', '주식회사한미양행', '800mg', '1회', '/images/redyeastrice.png', 'https://brand.naver.com/nutricore/products/2019954468?n_media=27758&n_query=%EA%B0%84%EC%98%81%EC%96%91%EC%A0%9C&n_rank=1&n_ad_group=grp-a001-02-000000030439889&n_ad=nad-a001-02-000000249119831&n_campaign_type=2&n_mall_id=nutricore&n_mall_pid=2019954468&n_ad_group_type=2&NaPm=ct%3Dlk94brs0%7Cci%3D0ye0002qhpryLs22Jfj%5F%7Ctr%3Dpla%7Chk%3D058cacd6e490013a6e0b1719716d1075788f2867'),
('SUPP_34', '눈의 정석 빌베리', '주식회사 노바렉스', '1000mg', '1회', '/images/vitaminB3.png', 'https://brand.naver.com/nutricore/products/2019954468?n_media=27758&n_query=%EA%B0%84%EC%98%81%EC%96%91%EC%A0%9C&n_rank=1&n_ad_group=grp-a001-02-000000030439889&n_ad=nad-a001-02-000000249119831&n_campaign_type=2&n_mall_id=nutricore&n_mall_pid=2019954468&n_ad_group_type=2&NaPm=ct%3Dlk94brs0%7Cci%3D0ye0002qhpryLs22Jfj%5F%7Ctr%3Dpla%7Chk%3D058cacd6e490013a6e0b1719716d1075788f2868'),
('SUPP_35', '전립선·눈건강·지구력에 맨즈파워 트리플맥스', '우리바이오(주)', '10mg', '1회', '/images/greenteaextract.png', 'https://brand.naver.com/nutricore/products/2019954468?n_media=27758&n_query=%EA%B0%84%EC%98%81%EC%96%91%EC%A0%9C&n_rank=1&n_ad_group=grp-a001-02-000000030439889&n_ad=nad-a001-02-000000249119831&n_campaign_type=2&n_mall_id=nutricore&n_mall_pid=2019954468&n_ad_group_type=2&NaPm=ct%3Dlk94brs0%7Cci%3D0ye0002qhpryLs22Jfj%5F%7Ctr%3Dpla%7Chk%3D058cacd6e490013a6e0b1719716d1075788f2869'),
('SUPP_36', '피로한 눈엔 루테인 아스타잔틴', '(주)케이지앤에프', '6mg/1000IU', '1회', '/images/omega3.png', 'https://brand.naver.com/nutricore/products/2019954468?n_media=27758&n_query=%EA%B0%84%EC%98%81%EC%96%91%EC%A0%9C&n_rank=1&n_ad_group=grp-a001-02-000000030439889&n_ad=nad-a001-02-000000249119831&n_campaign_type=2&n_mall_id=nutricore&n_mall_pid=2019954468&n_ad_group_type=2&NaPm=ct%3Dlk94brs0%7Cci%3D0ye0002qhpryLs22Jfj%5F%7Ctr%3Dpla%7Chk%3D058cacd6e490013a6e0b1719716d1075788f2870'),
('SUPP_37', '올키 아이눈엔 베타카로틴', '', '500mcg', '1회', '/images/vegetable.png', 'https://brand.naver.com/nutricore/products/2019954468?n_media=27758&n_query=%EA%B0%84%EC%98%81%EC%96%91%EC%A0%9C&n_rank=1&n_ad_group=grp-a001-02-000000030439889&n_ad=nad-a001-02-000000249119831&n_campaign_type=2&n_mall_id=nutricore&n_mall_pid=2019954468&n_ad_group_type=2&NaPm=ct%3Dlk94brs0%7Cci%3D0ye0002qhpryLs22Jfj%5F%7Ctr%3Dpla%7Chk%3D058cacd6e490013a6e0b1719716d1075788f2871'),
('SUPP_38', '눈건강 비타민A', '케이지랩 주식회사', '1000mg', '2회', '/images/redyeastrice.png', 'https://brand.naver.com/nutricore/products/2019954468?n_media=27758&n_query=%EA%B0%84%EC%98%81%EC%96%91%EC%A0%9C&n_rank=1&n_ad_group=grp-a001-02-000000030439889&n_ad=nad-a001-02-000000249119831&n_campaign_type=2&n_mall_id=nutricore&n_mall_pid=2019954468&n_ad_group_type=2&NaPm=ct%3Dlk94brs0%7Cci%3D0ye0002qhpryLs22Jfj%5F%7Ctr%3Dpla%7Chk%3D058cacd6e490013a6e0b1719716d1075788f2872'),
('SUPP_39', '세나큐브 눈사랑 루테인 아스타잔틴', '플라디엔(주)', '30mg', '1회', '/images/vitaminB3.png', 'https://brand.naver.com/nutricore/products/2019954468?n_media=27758&n_query=%EA%B0%84%EC%98%81%EC%96%91%EC%A0%9C&n_rank=1&n_ad_group=grp-a001-02-000000030439889&n_ad=nad-a001-02-000000249119831&n_campaign_type=2&n_mall_id=nutricore&n_mall_pid=2019954468&n_ad_group_type=2&NaPm=ct%3Dlk94brs0%7Cci%3D0ye0002qhpryLs22Jfj%5F%7Ctr%3Dpla%7Chk%3D058cacd6e490013a6e0b1719716d1075788f2873'),
('SUPP_40', '보니바시 눈 건강', '제이앤씨개발(주)', '1회 1정', '1일 1회', '/images/greenteaextract.png', 'https://brand.naver.com/nutricore/products/2019954468?n_media=27758&n_query=%EA%B0%84%EC%98%81%EC%96%91%EC%A0%9C&n_rank=1&n_ad_group=grp-a001-02-000000030439889&n_ad=nad-a001-02-000000249119831&n_campaign_type=2&n_mall_id=nutricore&n_mall_pid=2019954468&n_ad_group_type=2&NaPm=ct%3Dlk94brs0%7Cci%3D0ye0002qhpryLs22Jfj%5F%7Ctr%3Dpla%7Chk%3D058cacd6e490013a6e0b1719716d1075788f2874');

INSERT INTO REVIEW 
(REVIEW_ID, WRITING_DATE, TITLE, CONTENT, VIEW_COUNT, SUPP_ID, UNIQUE_ID) 
VALUES
('REVIEW_01', NOW(), '간건강엔 옥외씨슬', '간건강엔 옥외씨슬에 대한 리뷰입니다.', '100', 'SUPP_01', 'MEMB_03'),
('REVIEW_02', NOW(), '더 스포츠 비타민', '더 스포츠 의학적인 비타민 B Complex에 대한 리뷰입니다.', '150', 'SUPP_02', 'MEMB_02'),
('REVIEW_03', NOW(), '간기보 리뷰', '간기보에 대한 리뷰입니다.', '200', 'SUPP_03', 'MEMB_04'),
('REVIEW_04', NOW(), '동국내다 옥내씨슬', '동국내다 옥내씨슬에 대한 리뷰입니다.', '120', 'SUPP_04', 'MEMB_09'),
('REVIEW_05', NOW(), '닥터 쎈 실리마린', '닥터 쎈 실리마린 간건강 스파급수에 대한 리뷰입니다.', '180', 'SUPP_05', 'MEMB_08'),
('REVIEW_06', NOW(), '좋은 실리마린', '보다 좋은 실리마린 옥외씨슬에 대한 리뷰입니다.', '90', 'SUPP_06', 'MEMB_19'),
('REVIEW_07', NOW(), '간과 시기에 좋습니다', '간과 시기에 좋습니다 아파트씨슬, 홍경천에 대한 리뷰입니다.', '110', 'SUPP_07', 'MEMB_14'),
('REVIEW_08', NOW(), '드리내 간건강', '드리내 간건강 실리마린 아우씨 아연슬에 대한 리뷰입니다.', '130', 'SUPP_08', 'MEMB_12'),
('REVIEW_09', NOW(), '균형:간건강', '균형:간건강에 대한 리뷰입니다.', '95', 'SUPP_09', 'MEMB_12'),
('REVIEW_10', NOW(), '듀오락 간케어', '듀오락 간케어에 대한 리뷰입니다.', '140', 'SUPP_10', 'MEMB_11'),
('REVIEW_11', NOW(), '솔브앤고 뜸&스트레스 케어', '솔브앤고 뜸&스트레스 케어에 대한 리뷰입니다.', '160', 'SUPP_11', 'MEMB_13'),
('REVIEW_12', NOW(), '곰피로간건강+', '곰피로간건강+에 대한 리뷰입니다.', '105', 'SUPP_12', 'MEMB_19'),
('REVIEW_13', NOW(), '마이니 슈퍼비', '마이니 슈퍼비 긴장 케어에 대한 리뷰입니다.', '170', 'SUPP_13', 'MEMB_17'),
('REVIEW_14', NOW(), '뜸날린', '뜸날린에 대한 리뷰입니다.', '200', 'SUPP_14', 'MEMB_10'),
('REVIEW_15', NOW(), '피로개선 비타민', '피로개선 활력비타민에 대한 리뷰입니다.', '120', 'SUPP_15', 'MEMB_14'),
('REVIEW_16', NOW(), '바이탈헬스 올인원', '바이탈헬스 피로개선 올인원에 대한 리뷰입니다.', '130', 'SUPP_16', 'MEMB_02'),
('REVIEW_17', NOW(), '피로 바이타민 B', '피로 바이타민 B-컴플렉스에 대한 리뷰입니다.', '110', 'SUPP_17', 'MEMB_07'),
('REVIEW_18', NOW(), '피로아웃티', '피로아웃티에 대한 리뷰입니다.', '90', 'SUPP_18', 'MEMB_06'),
('REVIEW_19', NOW(), '경희 피로가라', '경희 피로가라에 대한 리뷰입니다.', '100', 'SUPP_19', 'MEMB_05'),
('REVIEW_20', NOW(), '프리미엄 피로개선', '프리미엄 피로개선 홍경천 플러스에 대한 리뷰입니다.', '150', 'SUPP_20', 'MEMB_01'),
('REVIEW_21', NOW(), '지큐랩 콜레스테롤', '지큐랩 콜레스테롤 솔루션 300억에 대한 리뷰입니다.', '130', 'SUPP_21', 'MEMB_20');